{"cameraMode":{"drawMode":0,"name":"Shaded","section":"Shading Mode"},"sceneLighting":true,"audioPlay":false,"sceneViewState":{"showFog":true,"showMaterialUpdate":false,"showSkybox":true,"showFlares":true,"showImageEffects":true,"showParticleSystems":true},"in2DMode":false,"pivot":{"x":20.66506576538086,"y":-21.79269790649414,"z":-5.47111701965332},"rotation":{"x":-0.27977675199508669,"y":-0.5340465307235718,"z":0.19302783906459809,"w":-0.7741186022758484},"size":67.47984313964844,"orthographic":false}