{"cameraMode":{"drawMode":0,"name":"Shaded","section":"Shading Mode"},"sceneLighting":true,"audioPlay":false,"sceneViewState":{"showFog":true,"showMaterialUpdate":false,"showSkybox":true,"showFlares":true,"showImageEffects":true,"showParticleSystems":true},"in2DMode":false,"pivot":{"x":-22.37853240966797,"y":0.12681198120117188,"z":-12.67593002319336},"rotation":{"x":-0.0860569030046463,"y":0.8592032194137573,"z":-0.15396985411643983,"w":-0.4802679717540741},"size":61.02867889404297,"orthographic":false}